DS,Site,Crop,Field Type,Stage,Part,Season,Richness,Shannon,Abundance,Damage,E,PH,RF,RH,T
AG,Ambagamuwa,Cabbage,Agriculture,Mature,Leaf,non-rainy,4,1.33217904,5,3.5,613,6.35,3.2,88,27.3
AG,Ambagamuwa,Cabbage,Agriculture,Mature,Leaf,rainy,5,1.401392647,16,13,613,6.695,3.765,90.65,24.7
AG,Ambagamuwa,Radish,Agriculture,Mature,Leaf,non-rainy,1,0,1,3,613,6.35,3.2,88,27.3
AG,Ambagamuwa,Radish,Agriculture,Mature,Leaf,rainy,1,0,4,14,613,6.695,3.765,90.65,24.7
AG,Ambagamuwa,Tomato,Agriculture,Mature,Leaf,non-rainy,2,0.693147181,2,2,613,6.35,3.2,88,27.3
AG,Ambagamuwa,Tomato,Agriculture,Mature,Leaf,rainy,2,0.693147181,4,8,613,6.695,3.765,90.65,24.7
AG,Bagathulawagama,Cabbage,Polytunnel,Mature,Leaf,non-rainy,1,0,1,3,608,5.17,3.2,93.3,25.2
AG,Bagathulawagama,Cabbage,Polytunnel,Mature,Leaf,rainy,1,0,3,14,608,5.01,3.85,95.75,24.7
AG,Bloomfield,Cabbage,Agriculture,Mature,Leaf,non-rainy,2,0.693147181,2,3.5,1096,5.37,1,52.1,23.7
AG,Bloomfield,Cabbage,Agriculture,Mature,Leaf,rainy,2,0.598269589,7,16,1096,5.385,5.835,72.9,22.7
AG,Bogawanthalawa,Banana pepper,Agriculture,Mature,Leaf,rainy,1,0,1,2,1313,7.185,8.165,84.2,22.5
AG,Bogawanthalawa,Cabbage,Agriculture,Mature,Leaf,non-rainy,2,0.410116318,7,7.5,1313,6.86,5,77.3,22.8
AG,Bogawanthalawa,Cabbage,Agriculture,Mature,Leaf,rainy,2,0.348832096,27,31,1313,7.185,8.165,84.2,22.5
AG,Bogawanthalawa,Carrot,Agriculture,Mature,Leaf,non-rainy,1,0,1,0,1313,6.86,5,77.3,22.8
AG,Bogawanthalawa,Carrot,Agriculture,Mature,Leaf,rainy,1,0,2,1,1313,7.185,8.165,84.2,22.5
AG,Bogawanthalawa,Chinese cabbage,Agriculture,Mature,Leaf,non-rainy,2,0.636514168,3,1.5,1313,6.86,5,77.3,22.8
AG,Bogawanthalawa,Chinese cabbage,Agriculture,Mature,Leaf,rainy,2,0.61724177,13,6,1313,7.185,8.165,84.2,22.5
AG,Bogawanthalawa,Leeks,Agriculture,Mature,Leaf,non-rainy,3,1.011404265,6,8.333333333,1313,6.86,5,77.3,22.8
AG,Bogawanthalawa,Leeks,Agriculture,Mature,Leaf,rainy,3,0.930216837,22,35.66666667,1313,7.185,8.165,84.2,22.5
AG,Bogawanthalawa,Leeks,Agriculture,Mature,Stem,non-rainy,1,0,3,4,1313,6.86,5,77.3,22.8
AG,Bogawanthalawa,Leeks,Agriculture,Mature,Stem,rainy,1,0,13,16,1313,7.185,8.165,84.2,22.5
AG,Bogawanthalawa,Lettuce,Agriculture,Mature,Leaf,non-rainy,2,0.636514168,3,4,1313,6.86,5,77.3,22.8
AG,Bogawanthalawa,Lettuce,Agriculture,Mature,Leaf,rainy,3,0.859967281,11,12,1313,7.185,8.165,84.2,22.5
AG,Bogawanthalawa,Onion,Agriculture,Mature,Leaf,non-rainy,1,0,1,1,1313,6.86,5,77.3,22.8
AG,Bogawanthalawa,Onion,Agriculture,Mature,Leaf,rainy,1,0,3,3,1313,7.185,8.165,84.2,22.5
AG,BogawanthalawaD,Beans,Agriculture,Mature,Pod,rainy,1,0,1,1,1313,7.185,8.165,84.2,22.5
AG,BogawanthalawaD,Cabbage,Agriculture,Mature,Leaf,non-rainy,3,0.974314753,8,6.666666667,1313,6.86,5,77.7,23.5
AG,BogawanthalawaD,Cabbage,Agriculture,Mature,Leaf,rainy,3,0.880241971,29,28.33333333,1313,7.185,8.165,84.2,22.5
AG,BogawanthalawaD,Carrot,Agriculture,Mature,Leaf,non-rainy,1,0,1,0,1313,6.86,5,77.7,23.5
AG,BogawanthalawaD,Carrot,Agriculture,Mature,Leaf,rainy,1,0,3,2,1313,7.185,8.165,84.2,22.5
AG,BogawanthalawaD,Leeks,Agriculture,Mature,Leaf,non-rainy,2,0.562335145,8,12,1313,6.86,5,77.7,23.5
AG,BogawanthalawaD,Leeks,Agriculture,Mature,Leaf,rainy,4,0.78643159,32,27,1313,7.185,8.165,84.2,22.5
AG,BogawanthalawaD,Onion,Agriculture,Mature,Leaf,non-rainy,1,0,2,3,1313,6.86,5,77.7,23.5
AG,BogawanthalawaD,Onion,Agriculture,Mature,Leaf,rainy,1,0,9,12,1313,7.185,8.165,84.2,22.5
AG,Brunswick,Cabbage,Agriculture,Mature,Leaf,non-rainy,4,1.33217904,5,4.5,1310,5.37,5.2,78.7,24.7
AG,Brunswick,Cabbage,Agriculture,Mature,Leaf,rainy,4,1.301481068,18,19.5,1310,5.385,6.365,84.95,23.3
AG,Brunswick,Radish,Agriculture,Mature,Leaf,non-rainy,1,0,1,1,1310,5.37,5.2,78.7,24.7
AG,Brunswick,Radish,Agriculture,Mature,Leaf,rainy,1,0,4,6,1310,5.385,6.365,84.95,23.3
AG,Campion,Cabbage,Agriculture,Mature,Leaf,non-rainy,2,0.636514168,3,6,1422,5.17,6.3,86.3,24.1
AG,Campion,Cabbage,Agriculture,Mature,Leaf,rainy,2,0.666278442,13,26.5,1422,5.75,8.9,90.25,23.4
AG,Campion,Carrot,Agriculture,Mature,Leaf,non-rainy,1,0,1,1,1422,5.17,6.3,86.3,24.1
AG,Campion,Carrot,Agriculture,Mature,Leaf,rainy,1,0,5,4,1422,5.75,8.9,90.25,23.4
AG,Campion,Chili,Agriculture,Mature,Leaf,non-rainy,1,0,2,17,1422,5.17,6.3,86.3,24.1
AG,Campion,Chili,Agriculture,Mature,Leaf,rainy,1,0,8,75,1422,5.75,8.9,90.25,23.4
AG,Campion,Leeks,Agriculture,Mature,Leaf,non-rainy,2,0.693147181,4,7.5,1422,5.17,6.3,86.3,24.1
AG,Campion,Leeks,Agriculture,Mature,Leaf,rainy,3,0.864740097,16,25.33333333,1422,5.75,8.9,90.25,23.4
AG,Campion,Onion,Agriculture,Mature,Leaf,non-rainy,1,0,1,1,1422,5.17,6.3,86.3,24.1
AG,Campion,Onion,Agriculture,Mature,Leaf,rainy,1,0,3,5,1422,5.75,8.9,90.25,23.4
AG,Campion,Radish,Agriculture,Mature,Leaf,non-rainy,1,0,1,1,1422,5.17,6.3,86.3,24.1
AG,Campion,Radish,Agriculture,Mature,Leaf,rainy,1,0,3,5,1422,5.75,8.9,90.25,23.4
AG,Elfindale,Cabbage,Agriculture,Mature,Leaf,non-rainy,4,1.310783678,9,7.5,1204,4.89,7.5,91,23.8
AG,Elfindale,Cabbage,Agriculture,Mature,Leaf,rainy,5,1.420622038,36,25.6,1204,4.95,8.95,95.6,23.1
AG,Elfindale,Radish,Agriculture,Mature,Leaf,non-rainy,4,1.213007566,8,2.75,1204,4.89,7.5,91,23.8
AG,Elfindale,Radish,Agriculture,Mature,Leaf,rainy,4,1.123696199,25,11.75,1204,4.95,8.95,95.6,23.1
AG,Gauvaravilla,Cabbage,Agriculture,Mature,Leaf,non-rainy,3,1.098612289,3,4,1320,4.95,7.5,84.5,23.7
AG,Gauvaravilla,Cabbage,Agriculture,Mature,Leaf,rainy,4,1.240684292,11,13.75,1320,5.35,9.415,89.35,23.4
AG,Gauvaravilla,Radish,Agriculture,Mature,Root,non-rainy,1,0,1,0,1320,4.95,7.5,84.5,23.7
AG,Gauvaravilla,Radish,Agriculture,Mature,Root,rainy,1,0,4,2,1320,5.35,9.415,89.35,23.4
AG,Gauvaravilla,Tomato,Agriculture,Mature,Leaf,non-rainy,1,0,1,1,1320,4.95,7.5,84.5,23.7
AG,Gauvaravilla,Tomato,Agriculture,Mature,Leaf,rainy,2,0.636514168,3,4,1320,5.35,9.415,89.35,23.4
AG,Glenugie,Cabbage,Agriculture,Mature,Leaf,non-rainy,2,0.693147181,2,3.5,1327,5.37,7.5,83.5,24.2
AG,Glenugie,Cabbage,Agriculture,Mature,Leaf,rainy,2,0.598269589,7,13.5,1327,5.49,9.415,89.1,23.5
AG,Gorthie,Cabbage,Agriculture,Mature,Leaf,non-rainy,2,0.693147181,2,5.5,1240,5.37,7.5,83.5,24.1
AG,Gorthie,Cabbage,Agriculture,Mature,Leaf,rainy,3,0.964962923,9,18.66666667,1240,5.49,9.415,89.7,23.5
AG,Hatton,Cabbage,Agriculture,Mature,Leaf,non-rainy,1,0,1,3,1262,5.77,5.8,73.1,24.9
AG,Hatton,Cabbage,Agriculture,Mature,Leaf,rainy,2,0.450561209,6,9.5,1262,6.905,5.91,82.35,24.3
AG,Hatton,Leeks,Agriculture,Mature,Leaf,non-rainy,2,0.693147181,2,2,1262,5.77,5.8,73.1,24.9
AG,Hatton,Leeks,Agriculture,Mature,Leaf,rainy,4,1.213007566,8,6.75,1262,6.905,5.91,82.35,24.3
AG,Hatton,Lettuce,Agriculture,Mature,Leaf,rainy,4,1.386294361,4,4,1262,6.905,5.91,82.35,24.3
AG,Hebbekanda,Beans,Agriculture,Mature,Leaf,non-rainy,1,0,1,1,790,6.35,3.3,97,25.3
AG,Hebbekanda,Beans,Agriculture,Mature,Leaf,rainy,1,0,2,4,790,5.6,4.66,98.6,25.1
AG,Hebbekanda,Beans,Agriculture,Mature,Pod,rainy,1,0,1,5,790,5.6,4.66,98.6,25.1
AG,Hebbekanda,Cabbage,Agriculture,Mature,Leaf,non-rainy,2,0.562335145,4,7.5,790,6.35,3.3,97,25.3
AG,Hebbekanda,Cabbage,Agriculture,Mature,Leaf,rainy,3,0.758936773,14,22.33333333,790,5.6,4.66,98.6,25.1
AG,Hebbekanda,Radish,Agriculture,Mature,Leaf,non-rainy,1,0,1,2,790,6.35,3.3,97,25.3
AG,Hebbekanda,Radish,Agriculture,Mature,Leaf,rainy,1,0,4,9,790,5.6,4.66,98.6,25.1
AG,Marussakelle,Cabbage,Agriculture,Mature,Leaf,non-rainy,3,0.950270539,5,5.333333333,1150,5.68,5.5,80.5,26.9
AG,Marussakelle,Cabbage,Agriculture,Mature,Leaf,rainy,3,0.76475442,15,23.33333333,1150,5.115,6.175,81.9,24.4
AG,Maskeliya,Cabbage,Agriculture,Mature,Leaf,non-rainy,3,1.039720771,4,4,1207,5.72,7.5,77.7,24.1
AG,Maskeliya,Cabbage,Agriculture,Mature,Leaf,rainy,3,0.955699891,14,16.66666667,1207,5.025,7.585,81.55,24
AG,Maskeliya,Radish,Agriculture,Mature,Leaf,non-rainy,1,0,1,1,1207,5.72,7.5,77.7,24.1
AG,Maskeliya,Radish,Agriculture,Mature,Leaf,rainy,1,0,2,6,1207,5.025,7.585,81.55,24
AG,Midford,Cabbage,Agriculture,Mature,Leaf,non-rainy,2,0.636514168,3,2.5,981,5.37,7.1,83.5,25.1
AG,Midford,Cabbage,Agriculture,Mature,Leaf,rainy,2,0.562335145,8,10,981,5.49,8.585,89.35,23.5
AG,Nallatanniya,Banana pepper,Agriculture,Mature,Root,rainy,1,0,1,1,1234,5.395,6.885,86.65,23.8
AG,Nallatanniya,Cabbage,Agriculture,Mature,Leaf,non-rainy,3,1.098612289,3,1.333333333,1234,5.54,6.7,83.3,24.4
AG,Nallatanniya,Cabbage,Agriculture,Mature,Leaf,rainy,4,1.236684869,12,5.25,1234,5.395,6.885,86.65,23.8
AG,Nallatanniya,Cabbage,Agriculture,Mature,Root,rainy,1,0,1,1,1234,5.395,6.885,86.65,23.8
AG,Nallatanniya,German Turnip,Agriculture,Mature,Leaf,rainy,3,1.098612289,3,2.666666667,1234,5.395,6.885,86.65,23.8
AG,Nallatanniya,German Turnip,Agriculture,Mature,Root,rainy,1,0,1,12,1234,5.395,6.885,86.65,23.8
AG,Nallatanniya,Leeks,Agriculture,Mature,Leaf,non-rainy,2,0.693147181,2,2.5,1234,5.54,6.7,83.3,24.4
AG,Nallatanniya,Leeks,Agriculture,Mature,Leaf,rainy,3,1.011404265,6,10.33333333,1234,5.395,6.885,86.65,23.8
AG,Nallatanniya,Leeks,Agriculture,Mature,Root,non-rainy,1,0,1,0,1234,5.54,6.7,83.3,24.4
AG,Nallatanniya,Leeks,Agriculture,Mature,Root,rainy,1,0,2,2,1234,5.395,6.885,86.65,23.8
AG,Nallatanniya,Radish,Agriculture,Mature,Leaf,rainy,2,0.693147181,2,3,1234,5.395,6.885,86.65,23.8
AG,Norwood,Cabbage,Agriculture,Mature,Leaf,non-rainy,3,1.054920168,5,4,1256,4.71,3.8,83.2,25.1
AG,Norwood,Cabbage,Agriculture,Mature,Leaf,rainy,3,1.079529573,19,18.33333333,1256,4.795,7.235,82.15,20.5
AG,Norwood,Leeks,Agriculture,Mature,Leaf,non-rainy,3,1.039720771,4,4,1256,4.71,3.8,83.2,25.1
AG,Norwood,Leeks,Agriculture,Mature,Leaf,rainy,4,1.170997126,14,14.25,1256,4.795,7.235,82.15,20.5
AG,Rozella,Cabbage,Agriculture,Mature,Leaf,non-rainy,1,0,1,1,1136,5.77,5.6,77.5,24.5
AG,Rozella,Cabbage,Agriculture,Mature,Leaf,rainy,3,0.950270539,5,6.333333333,1136,6.905,5.835,84.45,24.2
AG,Stockholm,Cabbage,Agriculture,Mature,Leaf,non-rainy,4,1.33217904,5,2.5,1308,5.37,7.2,83.5,24.8
AG,Stockholm,Cabbage,Agriculture,Mature,Leaf,rainy,4,1.270027861,15,10.25,1308,5.49,8.635,87.1,23.5
HK,Adikarigama,Beans,Agriculture,Mature,Leaf,rainy,2,0.693147181,2,3,525,7.83,4.25,88.4,22.8
HK,Adikarigama,Beans,Agriculture,Mature,Pod,non-rainy,1,0,1,2,525,7.88,1.6,81.8,27
HK,Adikarigama,Beans,Agriculture,Mature,Pod,rainy,1,0,2,9,525,7.83,4.25,88.4,22.8
HK,Adikarigama,Beans,Agriculture,Mature,Root,non-rainy,1,0,1,1,525,7.88,1.6,81.8,27
HK,Adikarigama,Beans,Agriculture,Mature,Root,rainy,1,0,2,3,525,7.83,4.25,88.4,22.8
HK,Adikarigama,Cucumber,Agriculture,Mature,Flower,rainy,1,0,1,10,525,7.83,4.25,88.4,22.8
HK,Adikarigama,Cucumber,Agriculture,Mature,Leaf,non-rainy,1,0,1,3,525,7.88,1.6,81.8,27
HK,Adikarigama,Cucumber,Agriculture,Mature,Leaf,rainy,1,0,4,15,525,7.83,4.25,88.4,22.8
HK,DaraOya,Cabbage,Agriculture,Mature,Leaf,non-rainy,1,0,1,0,1136,6.13,2.1,72,28.8
HK,DaraOya,Cabbage,Agriculture,Mature,Leaf,rainy,1,0,2,2,1136,5.59,2.63,73.7,23.3
HK,Elamulla,Cabbage,Agriculture,Mature,Leaf,non-rainy,1,0,1,2,1667,6.79,12.6,80,27.4
HK,Elamulla,Cabbage,Agriculture,Mature,Leaf,rainy,3,1.039720771,4,8,1667,6.215,11.945,86.25,23.5
HK,Elamulla,Leeks,Agriculture,Mature,Leaf,rainy,2,0.693147181,2,3,1667,6.215,11.945,86.25,23.5
HK,Hanguranketha,Cabbage,Agriculture,Mature,Leaf,non-rainy,1,0,1,5,775,5.05,1.8,94.2,24.5
HK,Hanguranketha,Cabbage,Agriculture,Mature,Leaf,rainy,2,0.562335145,4,12.5,775,6.1,6.385,95.7,23.5
HK,Hewaheta,Cabbage,Agriculture,Mature,Leaf,non-rainy,1,0,1,3,1135,5.12,2.1,71.2,26.2
HK,Hewaheta,Cabbage,Agriculture,Mature,Leaf,rainy,1,0,2,13,1135,5.995,2.63,80.75,22.4
HK,Hewaheta,Chili,Agriculture,Mature,Leaf,rainy,1,0,1,3,1135,5.995,2.63,80.75,22.4
HK,Mandaramnuvara,Cabbage,Agriculture,Mature,Leaf,non-rainy,2,0.636514168,3,4.5,1143,7.25,11.5,90.6,24.2
HK,Mandaramnuvara,Cabbage,Agriculture,Mature,Leaf,rainy,5,1.311431337,13,11.6,1143,7.085,12.025,92.6,23.6
HK,Mandaramnuvara,Leeks,Agriculture,Mature,Leaf,non-rainy,2,0.693147181,2,2,1143,7.25,11.5,90.6,24.2
HK,Mandaramnuvara,Leeks,Agriculture,Mature,Leaf,rainy,6,1.732867951,8,5.333333333,1143,7.085,12.025,92.6,23.6
HK,Mandaramnuvara,Lettuce,Agriculture,Mature,Leaf,non-rainy,2,0.693147181,2,2,1143,7.25,11.5,90.6,24.2
HK,Mandaramnuvara,Lettuce,Agriculture,Mature,Leaf,rainy,4,1.329661349,6,5.75,1143,7.085,12.025,92.6,23.6
HK,Mool oya,Cabbage,Agriculture,Mature,Leaf,rainy,1,0,1,9,1395,5.25,2.615,85.2,19.6
HK,Mool oya,Leeks,Agriculture,Mature,Leaf,non-rainy,1,0,1,0,1395,5.44,2.1,70.4,26.5
HK,Mool oya,Leeks,Agriculture,Mature,Leaf,rainy,2,0.636514168,3,5,1395,5.25,2.615,85.2,19.6
HK,Rikillagaskada,Cabbage,Agriculture,Mature,Leaf,non-rainy,1,0,1,3,882,5.67,1.8,89.8,25.6
HK,Rikillagaskada,Cabbage,Agriculture,Mature,Leaf,rainy,2,0.636514168,3,7,882,6.35,5.98,91.9,24
KT,Beramana,Chili,Agriculture,Mature,Leaf,non-rainy,2,0.693147181,2,4,976,6.23,1.6,78.2,25.1
KT,Beramana,Chili,Agriculture,Mature,Leaf,rainy,2,0.636514168,6,18.5,976,6.155,4.185,88.2,23.3
KT,Beramana,Chili,Agriculture,Mature,Root,non-rainy,1,0,1,0,976,6.23,1.6,78.2,25.1
KT,Beramana,Chili,Agriculture,Mature,Root,rainy,1,0,5,1,976,6.155,4.185,88.2,23.3
KT,Beramana,Pumpkin,Agriculture,Mature,Flower,rainy,1,0,1,12,976,6.155,4.185,88.2,23.3
KT,Beramana,Pumpkin,Agriculture,Mature,Fruit,non-rainy,1,0,1,1,976,6.23,1.6,78.2,25.1
KT,Beramana,Pumpkin,Agriculture,Mature,Fruit,rainy,1,0,3,4,976,6.155,4.185,88.2,23.3
KT,Beramana,Pumpkin,Agriculture,Mature,Leaf,non-rainy,1,0,1,6,976,6.23,1.6,78.2,25.1
KT,Beramana,Pumpkin,Agriculture,Mature,Leaf,rainy,1,0,5,27,976,6.155,4.185,88.2,23.3
KT,Kalapitiya,Cabbage,Agriculture,Mature,Leaf,non-rainy,1,0,1,3,922,5.79,1.6,86.2,26.1
KT,Kalapitiya,Cabbage,Agriculture,Mature,Leaf,rainy,2,0.636514168,3,9,922,5.285,4.025,89.6,25.1
KT,Kalapitiya,Carrot,Agriculture,Mature,Leaf,non-rainy,1,0,1,0,922,5.79,1.6,86.2,26.1
KT,Kalapitiya,Carrot,Agriculture,Mature,Leaf,rainy,1,0,2,1,922,5.285,4.025,89.6,25.1
KT,Kalapitiya,Carrot,Agriculture,Mature,Root,non-rainy,1,0,1,0,922,5.79,1.6,86.2,26.1
KT,Kalapitiya,Carrot,Agriculture,Mature,Root,rainy,1,0,4,2,922,5.285,4.025,89.6,25.1
KT,Kikiliyamanna,Cabbage,Agriculture,Mature,Leaf,non-rainy,2,0.693147181,2,2,1553,7.23,4.6,84,21.2
KT,Kikiliyamanna,Cabbage,Agriculture,Mature,Leaf,rainy,3,0.900256051,8,6.333333333,1553,7.44,8.565,86.95,20.1
KT,Kikiliyamanna,German Turnip,Agriculture,Mature,Leaf,non-rainy,2,0.636514168,3,0.5,1553,7.23,4.6,84,21.2
KT,Kikiliyamanna,German Turnip,Agriculture,Mature,Leaf,rainy,2,0.636514168,12,3.5,1553,7.44,8.565,86.95,20.1
KT,Kudaoya,Strawberry,Polytunnel,Mature,Bud,non-rainy,2,0.693147181,2,1,1715,4.48,2.7,82.5,22.7
KT,Kudaoya,Strawberry,Polytunnel,Mature,Bud,rainy,3,1.011404265,6,4,1715,6.095,3.95,71.85,21.3
KT,Kudaoya,Strawberry,Polytunnel,Mature,Fruit,non-rainy,3,0.943348392,10,6,1715,4.48,2.7,82.5,22.7
KT,Kudaoya,Strawberry,Polytunnel,Mature,Fruit,rainy,3,0.876005766,28,26.66666667,1715,6.095,3.95,71.85,21.3
KT,Kudaoya,Strawberry,Polytunnel,Mature,Leaf,non-rainy,3,1.004242473,7,6,1715,4.48,2.7,82.5,22.7
KT,Kudaoya,Strawberry,Polytunnel,Mature,Leaf,rainy,3,0.90698478,24,25.33333333,1715,6.095,3.95,71.85,21.3
KT,Kudaoya,Strawberry,Polytunnel,Mature,Seedling,non-rainy,2,0.562335145,4,4.5,1715,4.48,2.7,82.5,22.7
KT,Kudaoya,Strawberry,Polytunnel,Mature,Seedling,rainy,2,0.651756561,14,13.66666667,1715,6.095,3.95,71.85,21.3
KT,Labukele,Cabbage,Agriculture,Mature,Leaf,non-rainy,1,0,4,13,1715,4.48,2.7,50,22.7
KT,Labukele,Cabbage,Agriculture,Mature,Leaf,rainy,1,0,17,57,1715,6.095,3.95,71.85,22.3
KT,Mahaweligama,Banana pepper,Agriculture,Mature,Leaf,non-rainy,1,0,1,0,1096,6.34,1.6,81.4,23.1
KT,Mahaweligama,Banana pepper,Agriculture,Mature,Leaf,rainy,1,0,2,1,1096,5.78,2.575,85.3,22.7
KT,Mailappawala,Beans,Agriculture,Mature,Leaf,non-rainy,1,0,1,1,896,5.51,6.48,92.7,22.4
KT,Mailappawala,Beans,Agriculture,Mature,Leaf,rainy,1,0,2,5,896,5.615,9.94,96.35,21.5
KT,Mawela,Beans,Agriculture,Mature,Leaf,rainy,1,0,1,4,817,5.085,9.89,91.4,21.4
KT,Mawela,Radish,Agriculture,Mature,Leaf,non-rainy,1,0,1,0,817,4.65,6.5,90.1,22.4
KT,Mawela,Radish,Agriculture,Mature,Leaf,rainy,1,0,2,1,817,5.085,9.89,91.4,21.4
KT,Methagama,Radish,Agriculture,Mature,Leaf,non-rainy,1,0,1,1,888,6.07,1.6,84.5,23.3
KT,Methagama,Radish,Agriculture,Mature,Leaf,rainy,1,0,3,3,888,5.9,2.415,89.9,23.1
KT,Palagolla,Cabbage,Agriculture,Mature,Leaf,non-rainy,2,0.562335145,4,9,1246,4.82,2.6,66.3,24.4
KT,Palagolla,Cabbage,Agriculture,Mature,Leaf,rainy,2,0.562335145,16,38.5,1246,5.435,3.9,79.85,24.1
KT,Palagolla,Carrot,Agriculture,Mature,Leaf,non-rainy,1,0,1,1,1246,4.82,2.6,66.3,24.4
KT,Palagolla,Carrot,Agriculture,Mature,Leaf,rainy,1,0,2,4,1246,5.435,3.9,79.85,24.1
KT,Palagolla,Carrot,Agriculture,Mature,Root,non-rainy,1,0,1,0,1246,4.82,2.6,66.3,24.4
KT,Palagolla,Carrot,Agriculture,Mature,Root,rainy,1,0,5,1,1246,5.435,3.9,79.85,24.1
KT,Pundalu oya,Cabbage,Agriculture,Mature,Leaf,non-rainy,4,1.242453325,6,3.5,1204,4.83,4.5,82,21.4
KT,Pundalu oya,Cabbage,Agriculture,Mature,Leaf,rainy,4,1.194355902,21,15,1204,5.115,8.5,90.8,20.1
KT,Pundalu oya,Carrot,Agriculture,Mature,Leaf,non-rainy,2,0.636514168,3,0.5,1204,4.83,4.5,82,21.4
KT,Pundalu oya,Carrot,Agriculture,Mature,Leaf,rainy,2,0.500402424,10,2.5,1204,5.115,8.5,90.8,20.1
KT,Pundalu oya,Carrot,Agriculture,Mature,Root,non-rainy,1,0,1,0,1204,4.83,4.5,82,21.4
KT,Pundalu oya,Carrot,Agriculture,Mature,Root,rainy,1,0,5,1,1204,5.115,8.5,90.8,20.1
KT,Rawanagoda,Cabbage,Agriculture,Mature,Leaf,rainy,1,0,1,2,979,5.6,2.415,90.45,22.5
KT,Rawanagoda,Leeks,Agriculture,Mature,Leaf,rainy,1,0,1,2,979,5.6,2.415,90.45,22.5
KT,Rawanagoda,Radish,Agriculture,Mature,Leaf,rainy,1,0,1,2,979,5.6,2.415,90.45,22.5
KT,Ruvanpura,Chili,Agriculture,Mature,Leaf,non-rainy,1,0,1,5,750,5.64,1.6,94,22.5
KT,Ruvanpura,Chili,Agriculture,Mature,Leaf,rainy,1,0,2,21,750,5.245,2.415,96.75,22.2
KT,Watagoda,Cabbage,Agriculture,Mature,Leaf,non-rainy,3,1.039720771,4,4,1214,7.03,3.8,80,21.8
KT,Watagoda,Cabbage,Agriculture,Mature,Leaf,rainy,3,0.927617334,15,17.33333333,1214,6.985,6.915,88.1,21.6
NE,Agarapathana,Beans,Agriculture,Mature,Leaf,non-rainy,2,0.636514168,3,1,1387,7.05,3.8,81,24.4
NE,Agarapathana,Beans,Agriculture,Mature,Leaf,rainy,2,0.655481774,11,4.5,1387,6.775,5.39,87.85,21.2
NE,Agarapathana,Beans,Agriculture,Mature,Pod,rainy,1,0,1,1,1387,6.775,5.39,87.85,21.2
NE,Agarapathana,Beetroot,Agriculture,Mature,Leaf,non-rainy,2,0.562335145,4,5,1387,7.05,3.8,81,24.4
NE,Agarapathana,Beetroot,Agriculture,Mature,Leaf,rainy,2,0.636514168,15,21.5,1387,6.775,5.39,87.85,21.2
NE,Agarapathana,Cabbage,Agriculture,Mature,Leaf,non-rainy,3,0.964962923,9,7,1387,7.05,3.8,81,24.4
NE,Agarapathana,Cabbage,Agriculture,Mature,Leaf,rainy,3,0.88361714,32,29.33333333,1387,6.775,5.39,87.85,21.2
NE,Agarapathana,Carrot,Agriculture,Mature,Leaf,non-rainy,2,0.673011667,5,1,1387,7.05,3.8,81,24.4
NE,Agarapathana,Carrot,Agriculture,Mature,Leaf,rainy,2,0.673011667,20,5.5,1387,6.775,5.39,87.85,21.2
NE,Agarapathana,Leeks,Agriculture,Mature,Leaf,non-rainy,3,1.039720771,4,5.666666667,1387,7.05,3.8,81,24.4
NE,Agarapathana,Leeks,Agriculture,Mature,Leaf,rainy,3,0.992281975,14,23.66666667,1387,6.775,5.39,87.85,21.2
NE,Agarapathana,Lettuce,Agriculture,Mature,Leaf,non-rainy,2,0.673011667,5,8,1387,7.05,3.8,81,24.4
NE,Agarapathana,Lettuce,Agriculture,Mature,Leaf,rainy,2,0.680629488,19,35.5,1387,6.775,5.39,87.85,21.2
NE,Agarapathana,Red lettuce,Agriculture,Mature,Leaf,non-rainy,2,0.682908105,7,6.5,1387,7.05,3.8,81,24.4
NE,Agarapathana,Red lettuce,Agriculture,Mature,Leaf,rainy,2,0.686961577,27,26.5,1387,6.775,5.39,87.85,21.2
NE,Ambewela,Beetroot,Agriculture,Mature,Leaf,non-rainy,2,0.693147181,2,3,1942,6.49,9.5,83,23.5
NE,Ambewela,Beetroot,Agriculture,Mature,Leaf,rainy,2,0.661563238,8,11,1942,6.515,10.36,91.5,22.1
NE,Ambewela,Cabbage,Agriculture,Mature,Leaf,non-rainy,3,1.054920168,5,6,1942,6.49,9.5,83,23.5
NE,Ambewela,Cabbage,Agriculture,Mature,Leaf,rainy,4,1.164364512,19,20.75,1942,6.515,10.36,91.5,22.1
NE,Ambewela,Carrot,Agriculture,Mature,Leaf,non-rainy,1,0,1,0,1942,6.49,9.5,83,23.5
NE,Ambewela,Carrot,Agriculture,Mature,Leaf,rainy,1,0,2,1,1942,6.515,10.36,91.5,22.1
NE,Ambewela,Leeks,Agriculture,Mature,Leaf,non-rainy,3,0.950270539,5,5.666666667,1942,6.49,9.5,83,23.5
NE,Ambewela,Leeks,Agriculture,Mature,Leaf,rainy,3,0.860851391,15,25.33333333,1942,6.515,10.36,91.5,22.1
NE,Ambewela,Strawberry,Agriculture,Mature,Bud,non-rainy,2,0.636514168,3,2.5,1942,6.49,9.5,83,23.5
NE,Ambewela,Strawberry,Agriculture,Mature,Bud,rainy,3,0.900256051,8,7,1942,6.515,10.36,91.5,22.1
NE,Ambewela,Strawberry,Agriculture,Mature,Fruit,non-rainy,3,0.934769898,11,10,1942,6.49,9.5,83,23.5
NE,Ambewela,Strawberry,Agriculture,Mature,Fruit,rainy,3,0.936603535,42,43.33333333,1942,6.515,10.36,91.5,22.1
NE,Ambewela,Strawberry,Agriculture,Mature,Leaf,non-rainy,2,0.636514168,3,3,1942,6.49,9.5,83,23.5
NE,Ambewela,Strawberry,Agriculture,Mature,Leaf,rainy,3,0.936888308,9,9.666666667,1942,6.515,10.36,91.5,22.1
NE,Ambewela,Strawberry,Agriculture,Mature,Seedling,non-rainy,3,0.848685558,18,12.66666667,1942,6.49,9.5,83,23.5
NE,Ambewela,Strawberry,Agriculture,Mature,Seedling,rainy,3,0.916464886,55,54.66666667,1942,6.515,10.36,91.5,22.1
NE,Ambewela,Strawberry,Polytunnel,Mature,Bud,non-rainy,2,0.693147181,2,2,1942,6.49,9.5,83,23.5
NE,Ambewela,Strawberry,Polytunnel,Mature,Bud,rainy,3,1.011404265,6,5.666666667,1942,6.515,10.36,91.5,22.1
NE,Ambewela,Strawberry,Polytunnel,Mature,Fruit,non-rainy,3,0.918427785,12,7.333333333,1942,6.49,9.5,83,23.5
NE,Ambewela,Strawberry,Polytunnel,Mature,Fruit,rainy,3,0.899172237,27,30.66666667,1942,6.515,10.36,91.5,22.1
NE,Ambewela,Strawberry,Polytunnel,Mature,Leaf,non-rainy,2,0.693147181,2,1,1942,6.49,9.5,83,23.5
NE,Ambewela,Strawberry,Polytunnel,Mature,Leaf,rainy,3,0.950270539,5,4.666666667,1942,6.515,10.36,91.5,22.1
NE,Ambewela,Strawberry,Polytunnel,Mature,Seedling,non-rainy,2,0.679193266,12,15,1942,6.49,9.5,83,23.5
NE,Ambewela,Strawberry,Polytunnel,Mature,Seedling,rainy,3,0.892670623,37,46.33333333,1942,6.515,10.36,91.5,22.1
NE,Ardlei,Beans,Agriculture,Mature,Leaf,rainy,1,0,1,1,1379,6.79,5.4,90.6,21
NE,Ardlei,Cabbage,Agriculture,Mature,Leaf,non-rainy,2,0.636514168,3,4,1379,6.04,3.8,81,23.8
NE,Ardlei,Cabbage,Agriculture,Mature,Leaf,rainy,2,0.655481774,11,17.5,1379,6.79,5.4,90.6,21
NE,Ardlei,Carrot,Agriculture,Mature,Leaf,non-rainy,1,0,1,0,1379,6.04,3.8,81,23.8
NE,Ardlei,Carrot,Agriculture,Mature,Leaf,rainy,1,0,2,1,1379,6.79,5.4,90.6,21
NE,Ardlei,Leeks,Agriculture,Mature,Leaf,non-rainy,3,1.011404265,6,8.666666667,1379,6.04,3.8,81,23.8
NE,Ardlei,Leeks,Agriculture,Mature,Leaf,rainy,3,1.050571751,24,37.66666667,1379,6.79,5.4,90.6,21
NE,Ardlei,Onion,Agriculture,Mature,Leaf,non-rainy,3,1.039720771,4,0.333333333,1379,6.04,3.8,81,23.8
NE,Ardlei,Onion,Agriculture,Mature,Leaf,rainy,3,0.994923633,11,2.666666667,1379,6.79,5.4,90.6,21
NE,Ardlei,Potato,Agriculture,Mature,Leaf,non-rainy,1,0,1,0,1379,6.04,3.8,81,23.8
NE,Ardlei,Potato,Agriculture,Mature,Leaf,rainy,1,0,2,1,1379,6.79,5.4,90.6,21
NE,Blackpool,Cabbage,Polytunnel,Mature,Leaf,non-rainy,2,0.636514168,9,11.5,1844,6.37,9.5,85,24.3
NE,Blackpool,Cabbage,Polytunnel,Mature,Leaf,rainy,2,0.630086145,37,49.5,1844,6.44,10.255,86.6,22.1
NE,Blackpool,Carrot,Polytunnel,Mature,Leaf,non-rainy,1,0,1,0,1844,6.37,9.5,85,24.3
NE,Blackpool,Carrot,Polytunnel,Mature,Leaf,rainy,1,0,2,1,1844,6.44,10.255,86.6,22.1
NE,Diyagama,Cabbage,Agriculture,Mature,Leaf,non-rainy,4,1.103263499,14,8,1427,7.01,3.8,83,24.4
NE,Diyagama,Cabbage,Agriculture,Mature,Leaf,rainy,4,1.131294609,56,34.5,1427,7.35,4.465,87.45,24.2
NE,Diyagama,Cabbage,Agriculture,Mature,Root,non-rainy,1,0,1,0,1427,7.01,3.8,83,24.4
NE,Diyagama,Cabbage,Agriculture,Mature,Root,rainy,1,0,3,2,1427,7.35,4.465,87.45,24.2
NE,Diyagama,Leeks,Agriculture,Mature,Leaf,non-rainy,3,0.89820534,14,11.66666667,1427,7.01,3.8,83,24.4
NE,Diyagama,Leeks,Agriculture,Mature,Leaf,rainy,3,0.823033814,54,51,1427,7.35,4.465,87.45,24.2
NE,Diyagama,Leeks,Agriculture,Mature,Stem,non-rainy,1,0,6,1,1427,7.01,3.8,83,24.4
NE,Diyagama,Leeks,Agriculture,Mature,Stem,rainy,1,0,24,5,1427,7.35,4.465,87.45,24.2
NE,Kandapola,Cabbage,Agriculture,Mature,Leaf,non-rainy,2,0.636514168,9,10,1930,7.67,4.8,90.4,20.1
NE,Kandapola,Cabbage,Agriculture,Mature,Leaf,rainy,2,0.630086145,37,41,1930,6.88,4.965,91.55,17.6
NE,Kandapola,Carrot,Agriculture,Mature,Leaf,non-rainy,2,0.693147181,2,0.5,1930,7.67,4.8,90.4,20.1
NE,Kandapola,Carrot,Agriculture,Mature,Leaf,rainy,2,0.598269589,7,2.5,1930,6.88,4.965,91.55,17.6
NE,Kandapola,Leeks,Agriculture,Mature,Leaf,non-rainy,2,0.61724177,13,15.5,1930,7.67,4.8,90.4,20.1
NE,Kandapola,Leeks,Agriculture,Mature,Leaf,rainy,2,0.610864302,50,66,1930,6.88,4.965,91.55,17.6
NE,Kandapola,Lettuce,Agriculture,Mature,Leaf,non-rainy,2,0.562335145,4,7.5,1930,7.67,4.8,90.4,20.1
NE,Kandapola,Lettuce,Agriculture,Mature,Leaf,rainy,2,0.605797499,17,31,1930,6.88,4.965,91.55,17.6
NE,Kotagala,Broccoli,Agriculture,Mature,Flower,non-rainy,1,0,1,2,1246,7.63,3.8,82.1,24.5
NE,Kotagala,Broccoli,Agriculture,Mature,Flower,rainy,1,0,3,9,1246,7.185,5.9,85.75,24.2
NE,Kotagala,Broccoli,Agriculture,Mature,Fruit,non-rainy,1,0,1,2,1246,7.63,3.8,82.1,24.5
NE,Kotagala,Broccoli,Agriculture,Mature,Fruit,rainy,1,0,2,7,1246,7.185,5.9,85.75,24.2
NE,Kotagala,Broccoli,Agriculture,Mature,Leaf,non-rainy,1,0,1,1,1246,7.63,3.8,82.1,24.5
NE,Kotagala,Broccoli,Agriculture,Mature,Leaf,rainy,1,0,3,6,1246,7.185,5.9,85.75,24.2
NE,Kotagala,Cabbage,Agriculture,Mature,Leaf,non-rainy,3,1.039720771,4,3.666666667,1246,7.63,3.8,82.1,24.5
NE,Kotagala,Cabbage,Agriculture,Mature,Leaf,rainy,3,1.009613758,15,15.66666667,1246,7.185,5.9,85.75,24.2
NE,Kotagala,Chili,Agriculture,Mature,Leaf,non-rainy,1,0,1,10,1246,7.63,3.8,82.1,24.5
NE,Kotagala,Chili,Agriculture,Mature,Leaf,rainy,1,0,4,43,1246,7.185,5.9,85.75,24.2
NE,Kotagala,Chinese cabbage,Agriculture,Mature,Leaf,non-rainy,2,0.636514168,3,1,1246,7.63,3.8,82.1,24.5
NE,Kotagala,Chinese cabbage,Agriculture,Mature,Leaf,rainy,2,0.673011667,10,4,1246,7.185,5.9,85.75,24.2
NE,Kotagala,German Turnip,Agriculture,Mature,Leaf,non-rainy,1,0,1,1,1246,7.63,3.8,82.1,24.5
NE,Kotagala,German Turnip,Agriculture,Mature,Leaf,rainy,1,0,4,3,1246,7.185,5.9,85.75,24.2
NE,Kotagala,Leeks,Agriculture,Mature,Leaf,non-rainy,3,1.039720771,4,4.333333333,1246,7.63,3.8,82.1,24.5
NE,Kotagala,Leeks,Agriculture,Mature,Leaf,rainy,3,0.992281975,14,20,1246,7.185,5.9,85.75,24.2
NE,Kotagala,Lettuce,Agriculture,Mature,Leaf,non-rainy,3,0.950270539,5,6,1246,7.63,3.8,82.1,24.5
NE,Kotagala,Lettuce,Agriculture,Mature,Leaf,rainy,3,0.878525099,19,24.66666667,1246,7.185,5.9,85.75,24.2
NE,Lindula,Beans,Agriculture,Mature,Leaf,rainy,1,0,1,2,1262,5.705,4.465,92.65,21.3
NE,Lindula,Cabbage,Agriculture,Mature,Leaf,non-rainy,2,0.636514168,3,3.5,1262,6.17,3.8,87.4,24.4
NE,Lindula,Cabbage,Agriculture,Mature,Leaf,rainy,2,0.610864302,10,15,1262,5.705,4.465,92.65,21.3
NE,Lindula,Carrot,Agriculture,Mature,Leaf,non-rainy,1,0,1,0,1262,6.17,3.8,87.4,24.4
NE,Lindula,Carrot,Agriculture,Mature,Leaf,rainy,1,0,2,1,1262,5.705,4.465,92.65,21.3
NE,Lindula,Leeks,Agriculture,Mature,Leaf,non-rainy,2,0.562335145,8,11.5,1262,6.17,3.8,87.4,24.4
NE,Lindula,Leeks,Agriculture,Mature,Leaf,rainy,2,0.553858229,33,49.5,1262,5.705,4.465,92.65,21.3
NE,Lindula,Lettuce,Agriculture,Mature,Leaf,non-rainy,2,0.673011667,5,10.5,1262,6.17,3.8,87.4,24.4
NE,Lindula,Lettuce,Agriculture,Mature,Leaf,rainy,2,0.67652596,22,44,1262,5.705,4.465,92.65,21.3
NE,Lindula,Strawberry,Polytunnel,Mature,Bud,non-rainy,1,0,1,3,1262,6.17,3.8,87.4,24.4
NE,Lindula,Strawberry,Polytunnel,Mature,Bud,rainy,3,1.078992208,7,6,1262,5.705,4.465,92.65,21.3
NE,Lindula,Strawberry,Polytunnel,Mature,Fruit,non-rainy,2,0.680629488,19,8.5,1262,6.17,3.8,87.4,24.4
NE,Lindula,Strawberry,Polytunnel,Mature,Fruit,rainy,3,0.948298011,30,26.33333333,1262,5.705,4.465,92.65,21.3
NE,Lindula,Strawberry,Polytunnel,Mature,Leaf,non-rainy,2,0.636514168,3,2,1262,6.17,3.8,87.4,24.4
NE,Lindula,Strawberry,Polytunnel,Mature,Leaf,rainy,3,0.900256051,8,6.666666667,1262,5.705,4.465,92.65,21.3
NE,Lindula,Strawberry,Polytunnel,Mature,Seedling,non-rainy,3,0.89820534,14,11.33333333,1262,6.17,3.8,87.4,24.4
NE,Lindula,Strawberry,Polytunnel,Mature,Seedling,rainy,3,0.929109819,46,50,1262,5.705,4.465,92.65,21.3
NE,Meepilimanna,Cabbage,Agriculture,Mature,Leaf,non-rainy,2,0.682908105,7,8,1916,6.37,9.5,85,22.2
NE,Meepilimanna,Cabbage,Agriculture,Mature,Leaf,rainy,2,0.673011667,25,35,1916,5.965,10.265,87.35,21.8
NE,Meepilimanna,Carrot,Agriculture,Mature,Leaf,non-rainy,1,0,1,1,1916,6.37,9.5,85,22.2
NE,Meepilimanna,Carrot,Agriculture,Mature,Leaf,rainy,2,0.562335145,4,2.5,1916,5.965,10.265,87.35,21.8
NE,Meepilimanna,Gherkin,Polytunnel,Mature,Leaf,non-rainy,1,0,2,3,1916,6.37,9.5,85,22.2
NE,Meepilimanna,Gherkin,Polytunnel,Mature,Leaf,rainy,2,0.376770161,8,7.5,1916,5.965,10.265,87.35,21.8
NE,Meepilimanna,Leeks,Agriculture,Mature,Leaf,non-rainy,2,0.598269589,7,11,1916,6.37,9.5,85,22.2
NE,Meepilimanna,Leeks,Agriculture,Mature,Leaf,rainy,3,0.727634526,29,34.33333333,1916,5.965,10.265,87.35,21.8
NE,Meepilimanna,Lettuce,Agriculture,Mature,Leaf,non-rainy,3,0.887694276,12,9,1916,6.37,9.5,85,22.2
NE,Meepilimanna,Lettuce,Agriculture,Mature,Leaf,rainy,3,0.799800853,45,39,1916,5.965,10.265,87.35,21.8
NE,Meepilimanna,Radish,Agriculture,Mature,Leaf,non-rainy,1,0,1,3,1916,6.37,9.5,85,22.2
NE,Meepilimanna,Radish,Agriculture,Mature,Leaf,rainy,1,0,5,11,1916,5.965,10.265,87.35,21.8
NE,Meepilimanna,Red lettuce,Agriculture,Mature,Leaf,non-rainy,2,0.673011667,5,3.5,1916,6.37,9.5,85,22.2
NE,Meepilimanna,Red lettuce,Agriculture,Mature,Leaf,rainy,2,0.668248478,18,15,1916,5.965,10.265,87.35,21.8
NE,Meepilimanna,Zucchini,Agriculture,Mature,Fruit,non-rainy,1,0,1,1,1916,6.37,9.5,85,22.2
NE,Meepilimanna,Zucchini,Agriculture,Mature,Fruit,rainy,1,0,2,3,1916,5.965,10.265,87.35,21.8
NE,Meepilimanna,Zucchini,Agriculture,Mature,Leaf,non-rainy,1,0,1,1,1916,6.37,9.5,85,22.2
NE,Meepilimanna,Zucchini,Agriculture,Mature,Leaf,rainy,1,0,5,4,1916,5.965,10.265,87.35,21.8
NE,Nanu oya,Cabbage,Agriculture,Mature,Leaf,non-rainy,2,0.410116318,21,11.5,1658,6.97,11.3,78,23.4
NE,Nanu oya,Cabbage,Agriculture,Mature,Leaf,rainy,2,0.416310141,82,49.5,1658,6.47,13.695,80.55,22.1
NE,Nanu oya,Carrot,Agriculture,Mature,Leaf,non-rainy,2,0.410116318,7,1,1658,6.97,11.3,78,23.4
NE,Nanu oya,Carrot,Agriculture,Mature,Leaf,rainy,2,0.469220348,28,4.5,1658,6.47,13.695,80.55,22.1
NE,Nanu oya,Leeks,Agriculture,Mature,Leaf,non-rainy,2,0.362210557,17,13.5,1658,6.97,11.3,78,23.4
NE,Nanu oya,Leeks,Agriculture,Mature,Leaf,rainy,2,0.304636097,66,58.5,1658,6.47,13.695,80.55,22.1
NE,Nanu oya,Lettuce,Agriculture,Mature,Leaf,non-rainy,3,0.918427785,12,8,1658,6.97,11.3,78,23.4
NE,Nanu oya,Lettuce,Agriculture,Mature,Leaf,rainy,3,0.84183345,45,35,1658,6.47,13.695,80.55,22.1
NE,Nanu oya,Onion,Agriculture,Mature,Leaf,non-rainy,2,0.450561209,6,3,1658,6.97,11.3,78,23.4
NE,Nanu oya,Onion,Agriculture,Mature,Leaf,rainy,2,0.304636097,22,13,1658,6.47,13.695,80.55,22.1
NE,Nanu oya,Radish,Agriculture,Mature,Leaf,non-rainy,1,0,1,1,1658,6.97,11.3,78,23.4
NE,Nanu oya,Radish,Agriculture,Mature,Leaf,rainy,1,0,4,6,1658,6.47,13.695,80.55,22.1
NE,Nuwara Eliya,Cabbage,Agriculture,Mature,Leaf,non-rainy,3,0.79631164,7,4.666666667,1906,6.1,2.7,72.8,19.3
NE,Nuwara Eliya,Cabbage,Agriculture,Mature,Leaf,rainy,4,0.820054745,27,15.5,1906,6.06,5.03,80.2,17.8
NE,Nuwara Eliya,Carrot,Agriculture,Mature,Leaf,non-rainy,1,0,1,0,1906,6.1,2.7,72.8,19.3
NE,Nuwara Eliya,Carrot,Agriculture,Mature,Leaf,rainy,1,0,2,1,1906,6.06,5.03,80.2,17.8
NE,Nuwara Eliya,Leeks,Agriculture,Mature,Leaf,non-rainy,2,0.500402424,10,10.5,1906,6.1,2.7,72.8,19.3
NE,Nuwara Eliya,Leeks,Agriculture,Mature,Leaf,rainy,4,0.697990044,39,25.25,1906,6.06,5.03,80.2,17.8
NE,Nuwara Eliya,Lettuce,Agriculture,Mature,Leaf,non-rainy,2,0.636514168,6,7,1906,6.1,2.7,72.8,19.3
NE,Nuwara Eliya,Lettuce,Agriculture,Mature,Leaf,rainy,3,0.73932133,23,23,1906,6.06,5.03,80.2,17.8
NE,Nuwara Eliya,Onion,Agriculture,Mature,Flower,non-rainy,2,0.693147181,2,2.5,1906,6.1,2.7,72.8,19.3
NE,Nuwara Eliya,Onion,Agriculture,Mature,Flower,rainy,2,0.598269589,7,10.5,1906,6.06,5.03,80.2,17.8
NE,Nuwara Eliya,Onion,Agriculture,Mature,Leaf,non-rainy,2,0.636514168,3,4,1906,6.1,2.7,72.8,19.3
NE,Nuwara Eliya,Onion,Agriculture,Mature,Leaf,rainy,2,0.610864302,10,16,1906,6.06,5.03,80.2,17.8
NE,Seethaeliya,Cabbage,Agriculture,Mature,Leaf,non-rainy,2,0.119246926,39,11,1912,5.73,3.2,76.1,21.5
NE,Seethaeliya,Cabbage,Agriculture,Mature,Leaf,rainy,2,0.070054281,152,46.5,1912,6.06,3.935,80.6,16
NE,Seethaeliya,Cabbage,Agriculture,Mature,Root,non-rainy,1,0,1,1,1912,5.73,3.2,76.1,21.5
NE,Seethaeliya,Cabbage,Agriculture,Mature,Root,rainy,1,0,5,6,1912,6.06,3.935,80.6,16
NE,Seethaeliya,Carrot,Agriculture,Mature,Leaf,non-rainy,2,0.562335145,4,1,1912,5.73,3.2,76.1,21.5
NE,Seethaeliya,Carrot,Agriculture,Mature,Leaf,rainy,2,0.636514168,15,4.5,1912,6.06,3.935,80.6,16
NE,Seethaeliya,Leeks,Agriculture,Mature,Leaf,non-rainy,2,0.126930545,108,16,1912,5.73,3.2,76.1,21.5
NE,Seethaeliya,Leeks,Agriculture,Mature,Leaf,rainy,2,0.110453047,430,68,1912,6.06,3.935,80.6,16
NE,Seethaeliya,Leeks,Agriculture,Mature,Stem,non-rainy,2,0.562335145,4,2,1912,5.73,3.2,76.1,21.5
NE,Seethaeliya,Leeks,Agriculture,Mature,Stem,rainy,2,0.450561209,12,10,1912,6.06,3.935,80.6,16
NE,Seethaeliya,Radish,Agriculture,Mature,Leaf,non-rainy,2,0.562335145,4,5.5,1912,5.73,3.2,76.1,21.5
NE,Seethaeliya,Radish,Agriculture,Mature,Leaf,rainy,2,0.540204142,13,23,1912,6.06,3.935,80.6,16
NE,Talawakele,Banana pepper,Agriculture,Mature,Leaf,non-rainy,1,0,1,2,1206,6.82,3.8,83.9,22
NE,Talawakele,Banana pepper,Agriculture,Mature,Leaf,rainy,1,0,4,7,1206,7.02,8.685,88.7,20.4
NE,Talawakele,Beans,Agriculture,Mature,Leaf,non-rainy,2,0.636514168,3,0.5,1206,6.82,3.8,83.9,22
NE,Talawakele,Beans,Agriculture,Mature,Leaf,rainy,2,0.562335145,8,2,1206,7.02,8.685,88.7,20.4
NE,Talawakele,Beans,Agriculture,Mature,Pod,non-rainy,1,0,1,0,1206,6.82,3.8,83.9,22
NE,Talawakele,Beans,Agriculture,Mature,Pod,rainy,1,0,4,1,1206,7.02,8.685,88.7,20.4
NE,Talawakele,Bell pepper,Polytunnel,Mature,Flower,non-rainy,1,0,1,1,1206,6.82,3.8,83.9,22
NE,Talawakele,Bell pepper,Polytunnel,Mature,Flower,rainy,1,0,4,5,1206,7.02,8.685,88.7,20.4
NE,Talawakele,Bell pepper,Polytunnel,Mature,Leaf,non-rainy,2,0.693147181,2,1.5,1206,6.82,3.8,83.9,22
NE,Talawakele,Bell pepper,Polytunnel,Mature,Leaf,rainy,2,0.673011667,5,7.5,1206,7.02,8.685,88.7,20.4
NE,Talawakele,Cabbage,Agriculture,Mature,Leaf,non-rainy,4,1.329661349,6,2.5,1206,6.82,3.8,83.9,22
NE,Talawakele,Cabbage,Agriculture,Mature,Leaf,rainy,5,1.367964855,21,9.6,1206,7.02,8.685,88.7,20.4
NE,Talawakele,Chinese cabbage,Agriculture,Mature,Leaf,non-rainy,3,1.039720771,4,1,1206,6.82,3.8,83.9,22
NE,Talawakele,Chinese cabbage,Agriculture,Mature,Leaf,rainy,3,1.009613758,15,5.333333333,1206,7.02,8.685,88.7,20.4
NE,Talawakele,Lettuce,Agriculture,Mature,Leaf,non-rainy,4,1.329661349,6,4.25,1206,6.82,3.8,83.9,22
NE,Talawakele,Lettuce,Agriculture,Mature,Leaf,rainy,6,1.497726162,24,13.16666667,1206,7.02,8.685,88.7,20.4
NE,Talawakele,Tomato,Agriculture,Mature,Flower,rainy,1,0,1,4,1206,7.02,8.685,88.7,20.4
NE,Talawakele,Tomato,Agriculture,Mature,Fruit,rainy,1,0,1,6,1206,7.02,8.685,88.7,20.4
NE,Talawakele,Tomato,Agriculture,Mature,Leaf,non-rainy,2,0.636514168,3,3,1206,6.82,3.8,83.9,22
NE,Talawakele,Tomato,Agriculture,Mature,Leaf,rainy,2,0.673011667,10,12.5,1206,7.02,8.685,88.7,20.4
NE,Talawakele,Zucchini,Agriculture,Mature,Fruit,non-rainy,1,0,1,1,1206,6.82,3.8,83.9,22
NE,Talawakele,Zucchini,Agriculture,Mature,Fruit,rainy,1,0,2,5,1206,7.02,8.685,88.7,20.4
NE,Talawakele,Zucchini,Agriculture,Mature,Leaf,non-rainy,1,0,1,1,1206,6.82,3.8,83.9,22
NE,Talawakele,Zucchini,Agriculture,Mature,Leaf,rainy,2,0.562335145,4,3.5,1206,7.02,8.685,88.7,20.4
NE,Waverley,Beans,Agriculture,Mature,Leaf,non-rainy,1,0,1,0,1388,5.31,3.8,83.3,24.4
NE,Waverley,Beans,Agriculture,Mature,Leaf,rainy,1,0,3,2,1388,6.425,4.4,89.6,23.2
NE,Waverley,Cabbage,Agriculture,Mature,Leaf,non-rainy,2,0.636514168,6,6,1388,5.31,3.8,83.3,24.4
NE,Waverley,Cabbage,Agriculture,Mature,Leaf,rainy,2,0.610864302,20,24,1388,6.425,4.4,89.6,23.2
NE,Waverley,Carrot,Agriculture,Mature,Leaf,rainy,1,0,1,1,1388,6.425,4.4,89.6,23.2
NE,Waverley,Leeks,Agriculture,Mature,Leaf,non-rainy,1,0,3,8,1388,5.31,3.8,83.3,24.4
NE,Waverley,Leeks,Agriculture,Mature,Leaf,rainy,1,0,12,36,1388,6.425,4.4,89.6,23.2
NE,Waverley,Leeks,Agriculture,Mature,Stem,non-rainy,1,0,1,0,1388,5.31,3.8,83.3,24.4
NE,Waverley,Leeks,Agriculture,Mature,Stem,rainy,1,0,2,1,1388,6.425,4.4,89.6,23.2
NE,Waverley,Potato,Agriculture,Mature,Leaf,rainy,1,0,1,1,1388,6.425,4.4,89.6,23.2
WP,Ambagaspitiya,Beans,Agriculture,Mature,Leaf,rainy,1,0,1,5,731,6.105,7.065,83.4,23.7
WP,Ambagaspitiya,Cabbage,Agriculture,Mature,Leaf,non-rainy,3,1.098612289,3,3,731,5.84,1.8,84.3,27.3
WP,Ambagaspitiya,Cabbage,Agriculture,Mature,Leaf,rainy,3,1.060856947,9,12.33333333,731,6.105,7.065,83.4,23.7
WP,Ambagaspitiya,Cabbage,Agriculture,Mature,Root,non-rainy,1,0,1,1,731,5.84,1.8,84.3,27.3
WP,Ambagaspitiya,Cabbage,Agriculture,Mature,Root,rainy,1,0,2,3,731,6.105,7.065,83.4,23.7
WP,Ambagaspitiya,Leeks,Agriculture,Mature,Leaf,non-rainy,1,0,1,1,731,5.84,1.8,84.3,27.3
WP,Ambagaspitiya,Leeks,Agriculture,Mature,Leaf,rainy,1,0,2,6,731,6.105,7.065,83.4,23.7
WP,Ambagaspitiya,Leeks,Agriculture,Mature,Root,rainy,1,0,1,1,731,6.105,7.065,83.4,23.7
WP,Ambagaspitiya,Onion,Agriculture,Mature,Leaf,rainy,1,0,1,2,731,6.105,7.065,83.4,23.7
WP,Ambagaspitiya,Onion,Agriculture,Mature,Root,rainy,1,0,1,3,731,6.105,7.065,83.4,23.7
WP,Ambagaspitiya,Tomato,Agriculture,Mature,Leaf,rainy,3,1.098612289,3,4,731,6.105,7.065,83.4,23.7
WP,Keenagolla,Cabbage,Agriculture,Mature,Leaf,non-rainy,2,0.693147181,2,4,869,6.92,3.6,76,26.3
WP,Keenagolla,Cabbage,Agriculture,Mature,Leaf,rainy,3,0.955699891,7,11.33333333,869,6.61,4.3,87.75,22.3
WP,Keenagolla,Cabbage,Agriculture,Mature,Root,non-rainy,1,0,1,1,869,6.92,3.6,76,26.3
WP,Keenagolla,Cabbage,Agriculture,Mature,Root,rainy,1,0,2,6,869,6.61,4.3,87.75,22.3
WP,Keenagolla,Tomato,Agriculture,Mature,Fruit,rainy,1,0,1,9,869,6.61,4.3,87.75,22.3
WP,Keenagolla,Tomato,Agriculture,Mature,Leaf,rainy,2,0.693147181,2,2.5,869,6.61,4.3,87.75,22.3
WP,Kumbalgama,Cabbage,Agriculture,Mature,Leaf,non-rainy,1,0,1,4,614,5.91,4.8,76.6,24.8
WP,Kumbalgama,Cabbage,Agriculture,Mature,Leaf,rainy,1,0,2,17,614,6.355,7.735,82.2,21
WP,Kumbalgama,Onion,Agriculture,Mature,Leaf,rainy,2,0.693147181,2,3.5,614,6.355,7.735,82.2,21
WP,Kumbalgama,Radish,Agriculture,Mature,Leaf,non-rainy,1,0,1,1,614,5.91,4.8,76.6,24.8
WP,Kumbalgama,Radish,Agriculture,Mature,Leaf,rainy,2,0.636514168,3,4,614,6.355,7.735,82.2,21
WP,Lidesdialwatta,Banana pepper,Agriculture,Mature,Leaf,non-rainy,2,0.693147181,2,0.5,1623,5.8,4.8,77.2,22.5
WP,Lidesdialwatta,Banana pepper,Agriculture,Mature,Leaf,rainy,2,0.673011667,5,3,1623,5.29,9.9,85.35,22.3
WP,Lidesdialwatta,Carrot,Agriculture,Mature,Leaf,rainy,1,0,1,1,1623,5.29,9.9,85.35,22.3
WP,Lidesdialwatta,Carrot,Agriculture,Mature,Root,rainy,2,0.693147181,2,1,1623,5.29,9.9,85.35,22.3
WP,Lidesdialwatta,Leeks,Agriculture,Mature,Leaf,non-rainy,2,0.693147181,2,3.5,1623,5.8,4.8,77.2,22.5
WP,Lidesdialwatta,Leeks,Agriculture,Mature,Leaf,rainy,3,0.955699891,7,11.33333333,1623,5.29,9.9,85.35,22.3
WP,Lidesdialwatta,Leeks,Agriculture,Mature,Root,non-rainy,1,0,1,0,1623,5.8,4.8,77.2,22.5
WP,Lidesdialwatta,Leeks,Agriculture,Mature,Root,rainy,2,0.562335145,4,1.5,1623,5.29,9.9,85.35,22.3
WP,Maturata,Beans,Agriculture,Mature,Leaf,non-rainy,1,0,1,2,1043,6.16,3.6,73.7,24.4
WP,Maturata,Beans,Agriculture,Mature,Leaf,rainy,1,0,2,8,1043,6.635,5.8,81.35,22.5
WP,Maturata,Beans,Agriculture,Mature,Pod,rainy,1,0,1,7,1043,6.635,5.8,81.35,22.5
WP,Maturata,Tomato,Agriculture,Mature,Fruit,rainy,1,0,1,7,1043,6.635,5.8,81.35,22.5
WP,Maturata,Tomato,Agriculture,Mature,Leaf,non-rainy,1,0,1,2,1043,6.16,3.6,73.7,24.4
WP,Maturata,Tomato,Agriculture,Mature,Leaf,rainy,1,0,3,7,1043,6.635,5.8,81.35,22.5
WP,Puswalapitiya,Cabbage,Agriculture,Mature,Leaf,non-rainy,2,0.693147181,2,3.5,1012,5.82,3.6,87.7,23.2
WP,Puswalapitiya,Cabbage,Agriculture,Mature,Leaf,rainy,2,0.636514168,6,16.5,1012,6.28,6.8,92.2,23.1
WP,Puswalapitiya,Cabbage,Agriculture,Mature,Root,non-rainy,2,0.693147181,2,0.5,1012,5.82,3.6,87.7,23.2
WP,Puswalapitiya,Cabbage,Agriculture,Mature,Root,rainy,2,0.673011667,5,2.5,1012,6.28,6.8,92.2,23.1
WP,Puswalapitiya,Radish,Agriculture,Mature,Leaf,non-rainy,1,0,1,1,1012,5.82,3.6,87.7,23.2
WP,Puswalapitiya,Radish,Agriculture,Mature,Leaf,rainy,2,0.636514168,3,2.5,1012,6.28,6.8,92.2,23.1
WP,Puswalapitiya,Tomato,Agriculture,Mature,Fruit,rainy,1,0,1,11,1012,6.28,6.8,92.2,23.1
WP,Puswalapitiya,Tomato,Agriculture,Mature,Leaf,rainy,1,0,1,5,1012,6.28,6.8,92.2,23.1
WP,Ragala,Cabbage,Agriculture,Mature,Leaf,non-rainy,2,0.693147181,2,6,1438,5.63,4.8,78.2,19.6
WP,Ragala,Cabbage,Agriculture,Mature,Leaf,rainy,2,0.661563238,8,25.5,1438,6.32,9.935,85.6,19.3
WP,Ragala,Carrot,Agriculture,Mature,Leaf,rainy,1,0,1,1,1438,6.32,9.935,85.6,19.3
WP,Ragala,German Turnip,Agriculture,Mature,Leaf,rainy,1,0,1,15,1438,6.32,9.935,85.6,19.3
WP,Ragala,Leeks,Agriculture,Mature,Leaf,non-rainy,1,0,1,3,1438,5.63,4.8,78.2,19.6
WP,Ragala,Leeks,Agriculture,Mature,Leaf,rainy,2,0.500402424,5,7,1438,6.32,9.935,85.6,19.3
WP,Ragala,Lettuce,Agriculture,Mature,Leaf,non-rainy,1,0,1,2,1438,5.63,4.8,78.2,19.6
WP,Ragala,Lettuce,Agriculture,Mature,Leaf,rainy,1,0,2,7,1438,6.32,9.935,85.6,19.3
WP,Ragala,Onion,Agriculture,Mature,Leaf,rainy,1,0,1,1,1438,6.32,9.935,85.6,19.3
WP,Ragala,Onion,Agriculture,Mature,Root,rainy,1,0,1,2,1438,6.32,9.935,85.6,19.3
WP,Uda pussellawa,Cabbage,Agriculture,Mature,Leaf,non-rainy,1,0,1,2,1308,5.3,4.8,78.2,23.7
WP,Uda pussellawa,Cabbage,Agriculture,Mature,Leaf,rainy,2,0.562335145,4,5,1308,6.01,9,86.5,19.3
WP,Uda pussellawa,Cabbage,Agriculture,Mature,Root,rainy,1,0,1,2,1308,6.01,9,86.5,19.3
WP,Udagama,Cabbage,Agriculture,Mature,Leaf,non-rainy,1,0,1,1,1318,5.22,3.6,83.8,24.6
WP,Udagama,Cabbage,Agriculture,Mature,Leaf,rainy,4,1.33217904,5,3.5,1318,5.095,6.915,86.95,22.5
WP,Udagama,Cabbage,Agriculture,Mature,Root,non-rainy,1,0,1,0,1318,5.22,3.6,83.8,24.6
WP,Udagama,Cabbage,Agriculture,Mature,Root,rainy,1,0,3,1,1318,5.095,6.915,86.95,22.5
WP,Udagama,Chili,Agriculture,Mature,Leaf,rainy,2,0.693147181,2,6.5,1318,5.095,6.915,86.95,22.5
WP,Walapane,Cabbage,Agriculture,Mature,Leaf,non-rainy,2,0.693147181,2,4.5,675,5.19,4.8,76.2,24.6
WP,Walapane,Cabbage,Agriculture,Mature,Leaf,rainy,3,0.955699891,7,13.66666667,675,5.11,7.4,81.45,21
AG,Bloomfield,Radish,Agriculture,Nursery,Leaf,rainy,1,0,1,21,1096,5.385,5.835,72.9,22.7
AG,Dehigasthenna,Ornamentals,Polytunnel,Nursery,Bud,rainy,1,0,1,1,790,5.6,4.66,98.6,24.3
AG,Dehigasthenna,Ornamentals,Polytunnel,Nursery,Leaf,rainy,1,0,3,2,790,5.6,4.66,98.6,24.3
AG,Dehigasthenna,Ornamentals,Polytunnel,Nursery,Seedling,non-rainy,1,0,1,1,790,6.47,3.25,80.2,25.4
AG,Dehigasthenna,Ornamentals,Polytunnel,Nursery,Seedling,rainy,1,0,3,6,790,5.6,4.66,98.6,24.3
AG,Hatton,Lettuce,Agriculture,Nursery,Seedling,non-rainy,1,0,1,3,1262,5.77,5.8,73.1,24.9
AG,Hatton,Lettuce,Agriculture,Nursery,Seedling,rainy,3,1.039720771,4,12.33333333,1262,6.905,5.91,82.35,24.3
HK,Adikarigama,Ornamentals,Polytunnel,Nursery,Bud,rainy,2,0.636514168,3,5,525,7.83,4.25,88.4,22.8
HK,Adikarigama,Ornamentals,Polytunnel,Nursery,Flower,non-rainy,2,0.636514168,3,1,525,7.88,1.6,81.8,27
HK,Adikarigama,Ornamentals,Polytunnel,Nursery,Flower,rainy,2,0.664528439,21,5.5,525,7.83,4.25,88.4,22.8
HK,Adikarigama,Ornamentals,Polytunnel,Nursery,Leaf,rainy,2,0.686961577,9,3.25,525,7.83,4.25,88.4,22.8
HK,Rikillagaskada,Radish,Agriculture,Nursery,Leaf,non-rainy,1,0,1,1,882,5.67,1.8,89.8,25.6
HK,Rikillagaskada,Radish,Agriculture,Nursery,Leaf,rainy,1,0,2,6,882,6.35,5.98,91.9,24
HK,Rikillagaskada,Radish,Agriculture,Nursery,Seedling,non-rainy,2,0.693147181,2,2,882,5.67,1.8,89.8,25.6
HK,Rikillagaskada,Radish,Agriculture,Nursery,Seedling,rainy,2,0.636514168,6,9,882,6.35,5.98,91.9,24
KT,Beramana,Chili,Agriculture,Nursery,Seedling,non-rainy,3,1.098612289,3,3.333333333,976,6.23,1.6,78.2,25.1
KT,Beramana,Chili,Agriculture,Nursery,Seedling,rainy,3,1.029653014,10,14,976,6.155,4.185,88.2,23.3
KT,Beramana,Pumpkin,Agriculture,Nursery,Seedling,non-rainy,1,0,2,5,976,6.23,1.6,78.2,25.1
KT,Beramana,Pumpkin,Agriculture,Nursery,Seedling,rainy,2,0.376770161,8,21.5,976,6.155,4.185,88.2,23.3
KT,Kothmalgama,Ornamentals,Polytunnel,Nursery,Bud,rainy,2,0.693147181,2,1.5,1028,4.55,2.65,88.5,20.6
KT,Kothmalgama,Ornamentals,Polytunnel,Nursery,Leaf,non-rainy,1,0,1,1,1028,4.57,3.12,70.7,23.7
KT,Kothmalgama,Ornamentals,Polytunnel,Nursery,Leaf,rainy,2,0.636514168,6,2.25,1028,4.55,2.65,88.5,20.6
KT,Kothmalgama,Ornamentals,Polytunnel,Nursery,Seedling,non-rainy,2,0.636514168,3,1,1028,4.57,3.12,70.7,23.7
KT,Kothmalgama,Ornamentals,Polytunnel,Nursery,Seedling,rainy,2,0.661563238,8,5,1028,4.55,2.65,88.5,20.6
KT,Mahaweligama,Chili,Polytunnel,Nursery,Seedling,non-rainy,3,1.098612289,3,7.333333333,1096,6.34,1.6,81.4,23.1
KT,Mahaweligama,Chili,Polytunnel,Nursery,Seedling,rainy,4,1.279854226,10,23.75,1096,5.78,2.575,85.3,22.7
NE,Agarapathana,Lettuce,Agriculture,Nursery,Seedling,non-rainy,2,0.636514168,12,13,1387,7.05,3.8,81,24.4
NE,Agarapathana,Lettuce,Agriculture,Nursery,Seedling,rainy,2,0.636514168,45,55.5,1387,6.775,5.39,87.85,21.2
NE,Agarapathana,Red lettuce,Agriculture,Nursery,Seedling,non-rainy,2,0.636514168,6,12.5,1387,7.05,3.8,81,24.4
NE,Agarapathana,Red lettuce,Agriculture,Nursery,Seedling,rainy,2,0.655481774,22,53.5,1387,6.775,5.39,87.85,21.2
NE,Kotagala,Lettuce,Agriculture,Nursery,Seedling,non-rainy,3,0.955699891,7,9.333333333,1246,7.63,3.8,82.1,24.5
NE,Kotagala,Lettuce,Agriculture,Nursery,Seedling,rainy,3,0.901226251,26,40.33333333,1246,7.185,5.9,85.75,24.2
NE,Meepilimanna,Zucchini,Agriculture,Nursery,Seedling,non-rainy,1,0,3,9,1916,6.37,9.5,85,22.2
NE,Meepilimanna,Zucchini,Agriculture,Nursery,Seedling,rainy,1,0,11,37,1916,5.965,10.265,87.35,21.8
NE,Nanu oya,Lettuce,Agriculture,Nursery,Seedling,non-rainy,3,0.501046914,21,10.66666667,1658,6.97,11.3,78,23.4
NE,Nanu oya,Lettuce,Agriculture,Nursery,Seedling,rainy,3,0.431819403,82,47,1658,6.47,13.695,80.55,22.1
NE,Nuwara Eliya,Leeks,Agriculture,Nursery,Seedling,non-rainy,3,0.559834326,23,11.33333333,1906,6.1,2.7,72.8,19.3
NE,Nuwara Eliya,Leeks,Agriculture,Nursery,Seedling,rainy,3,0.463336236,87,48.33333333,1906,6.06,5.03,80.2,17.8
NE,Nuwara Eliya,Ornamentals,Polytunnel,Nursery,Flower,rainy,1,0,1,1,1906,6.06,5.03,80.2,17.8
NE,Nuwara Eliya,Ornamentals,Polytunnel,Nursery,Leaf,non-rainy,1,0,1,1,1906,6.1,2.7,72.8,19.3
NE,Nuwara Eliya,Ornamentals,Polytunnel,Nursery,Leaf,rainy,1,0,3,6,1906,6.06,5.03,80.2,17.8
NE,Seethaeliya,Carrot,Agriculture,Nursery,Seedling,non-rainy,2,0.264052052,27,15,1912,5.73,3.2,76.1,21.5
NE,Seethaeliya,Carrot,Agriculture,Nursery,Seedling,rainy,2,0.217518571,106,65,1912,6.06,3.935,80.6,16
NE,Seethaeliya,Radish,Agriculture,Nursery,Seedling,non-rainy,2,0.410116318,7,7.5,1912,5.73,3.2,76.1,21.5
NE,Seethaeliya,Radish,Agriculture,Nursery,Seedling,rainy,2,0.35762716,26,34,1912,6.06,3.935,80.6,16
NE,Talawakele,Lettuce,Agriculture,Nursery,Seedling,non-rainy,2,0.673011667,5,13.5,1206,6.82,3.8,83.9,22
NE,Talawakele,Lettuce,Agriculture,Nursery,Seedling,rainy,2,0.688138814,20,58,1206,7.02,8.685,88.7,20.4
NE,Talawakele,Zucchini,Agriculture,Nursery,Seedling,non-rainy,1,0,2,6,1206,6.82,3.8,83.9,22
NE,Talawakele,Zucchini,Agriculture,Nursery,Seedling,rainy,1,0,6,24,1206,7.02,8.685,88.7,20.4
WP,Keenagolla,Tomato,Agriculture,Nursery,Seedling,non-rainy,2,0.693147181,2,7.5,869,6.92,3.6,76,26.3
WP,Keenagolla,Tomato,Agriculture,Nursery,Seedling,rainy,2,0.661563238,8,31,869,6.61,4.3,87.75,22.3
WP,Maturata,Tomato,Agriculture,Nursery,Seedling,rainy,1,0,1,9,1043,6.635,5.8,81.35,22.5
WP,Puswalapitiya,Tomato,Agriculture,Nursery,Seedling,rainy,1,0,1,13,1012,6.28,6.8,92.2,23.1
WP,Ragala,Lettuce,Agriculture,Nursery,Seedling,non-rainy,1,0,1,11,1438,5.63,4.8,78.2,19.6
WP,Ragala,Lettuce,Agriculture,Nursery,Seedling,rainy,1,0,5,46,1438,6.32,9.935,85.6,19.3
WP,Udagama,Chili,Agriculture,Nursery,Seedling,non-rainy,1,0,1,8,1318,5.22,3.6,83.8,24.6
WP,Udagama,Chili,Agriculture,Nursery,Seedling,rainy,2,0.562335145,4,25,1318,5.095,6.915,86.95,22.5
WP,Walapane,Ornamentals,Polytunnel,Nursery,Flower,rainy,2,0.636514168,3,7,675,5.11,7.4,81.45,21
KT,Labukele,Cabbage,Agriculture,Young,Leaf,non-rainy,1,0,11,10,1715,4.48,2.7,50,22.7
KT,Labukele,Cabbage,Agriculture,Young,Leaf,rainy,1,0,42,45,1715,6.095,3.95,71.85,22.3
KT,Mahaweligama,Chili,Agriculture,Young,Leaf,non-rainy,2,0.693147181,2,7,1096,6.34,1.6,81.4,23.1
KT,Mahaweligama,Chili,Agriculture,Young,Leaf,rainy,3,1.011404265,6,23.33333333,1096,5.78,2.575,85.3,22.7
KT,Mahaweligama,Chili,Agriculture,Young,Root,rainy,1,0,1,4,1096,5.78,2.575,85.3,22.7
WP,Ambagaspitiya,Eggplant,Agriculture,Young,Flower,rainy,1,0,1,1,731,6.105,7.065,83.4,23.7
WP,Ambagaspitiya,Eggplant,Agriculture,Young,Leaf,rainy,1,0,1,2,731,6.105,7.065,83.4,23.7
WP,Keenagolla,Beetroot,Agriculture,Young,Leaf,rainy,2,0.693147181,2,5,869,6.61,4.3,87.75,22.3
WP,Keenagolla,Beetroot,Agriculture,Young,Root,non-rainy,1,0,1,2,869,6.92,3.6,76,26.3
WP,Keenagolla,Beetroot,Agriculture,Young,Root,rainy,1,0,2,7,869,6.61,4.3,87.75,22.3
WP,Ragala,Carrot,Agriculture,Young,Leaf,non-rainy,2,0.693147181,2,5,1438,5.63,4.8,78.2,19.6
WP,Ragala,Carrot,Agriculture,Young,Leaf,rainy,2,0.673011667,5,21.5,1438,6.32,9.935,85.6,19.3